YearIndex,Rocket_Launches,Rocket_Flow_wan_ton,Elevator_Flow_wan_ton,Total_Flow_wan_ton,E_Rocket_tCO2e,E_Elevator_tCO2e,E_Total_tCO2e,E_Limit_tCO2e,Slack_tCO2e,Cum_Flow_wan_ton
1,2000.0,30.0,53.69500000011357,83.69500000011357,1000000.0,5369.500000011358,1005369.5000000114,180000.0,825369.5000000114,83.69500000011357
2,2000.0,30.0,53.699999999999996,83.69999999999999,1000000.0,5370.0,1005370.0,180620.1550387597,824749.8449612403,167.39500000011355
3,2000.0,30.0,53.699999999999996,83.69999999999999,1000000.0,5370.0,1005370.0,181240.3100775194,824129.6899224806,251.09500000011354
4,352.0,5.279999999999999,53.699999999999996,58.98,176000.0,5370.0,181370.0,181860.46511627908,0.0,310.07500000011356
5,2000.0,30.0,53.699999999999996,83.69999999999999,1000000.0,5370.0,1005370.0,182480.62015503875,822889.3798449612,393.77500000011355
6,355.0,5.325,53.699999999999996,59.025,177500.0,5370.0,182870.0,183100.77519379844,0.0,452.8000000001135
7,356.0,5.34,53.699999999999996,59.03999999999999,178000.0,5370.0,183370.0,183720.93023255814,0.0,511.8400000001135
8,357.0,5.3549999999999995,53.699999999999996,59.05499999999999,178500.0,5370.0,183870.0,184341.08527131783,0.0,570.8950000001134
9,359.0,5.385,53.699999999999996,59.084999999999994,179500.0,5370.0,184870.0,184961.24031007753,0.0,629.9800000001135
10,2000.0,30.0,53.699999999999996,83.69999999999999,1000000.0,5370.0,1005370.0,185581.39534883722,819788.6046511628,713.6800000001135
11,361.0,5.415,53.699999999999996,59.114999999999995,180500.0,5370.0,185870.0,186201.5503875969,0.0,772.7950000001135
12,2000.0,30.0,53.699999999999996,83.69999999999999,1000000.0,5370.0,1005370.0,186821.70542635658,818548.2945736435,856.4950000001136
13,364.0,5.46,53.699999999999996,59.16,182000.0,5370.0,187370.0,187441.86046511628,0.0,915.6550000001135
14,365.0,5.475,53.699999999999996,59.175,182500.0,5370.0,187870.0,188062.01550387597,0.0,974.8300000001135
15,366.0,5.49,53.699999999999996,59.19,183000.0,5370.0,188370.0,188682.17054263566,0.0,1034.0200000001134
16,2000.0,30.0,53.699999999999996,83.69999999999999,1000000.0,5370.0,1005370.0,189302.32558139536,816067.6744186047,1117.7200000001135
17,2000.0,30.0,53.699999999999996,83.69999999999999,1000000.0,5370.0,1005370.0,189922.48062015505,815447.5193798449,1201.4200000001135
18,370.0,5.55,53.699999999999996,59.24999999999999,185000.0,5370.0,190370.0,190542.63565891472,0.0,1260.6700000001135
19,2000.0,30.0,53.699999999999996,83.69999999999999,1000000.0,5370.0,1005370.0,191162.7906976744,814207.2093023256,1344.3700000001136
20,372.0,5.58,53.699999999999996,59.279999999999994,186000.0,5370.0,191370.0,191782.9457364341,0.0,1403.6500000001136
21,374.0,5.609999999999999,53.699999999999996,59.309999999999995,187000.0,5370.0,192370.0,192403.1007751938,0.0,1462.9600000001135
22,2000.0,30.0,53.699999999999996,83.69999999999999,1000000.0,5370.0,1005370.0,193023.2558139535,812346.7441860465,1546.6600000001135
23,2000.0,30.0,53.699999999999996,83.69999999999999,1000000.0,5370.0,1005370.0,193643.4108527132,811726.5891472868,1630.3600000001136
24,2000.0,30.0,53.699999999999996,83.69999999999999,1000000.0,5370.0,1005370.0,194263.56589147286,811106.4341085271,1714.0600000001136
25,379.0,5.685,53.699999999999996,59.385,189500.0,5370.0,194870.0,194883.72093023255,0.0,1773.4450000001136
26,2000.0,30.0,53.699999999999996,83.69999999999999,1000000.0,5370.0,1005370.0,195503.87596899224,809866.1240310078,1857.1450000001137
27,2000.0,30.0,53.699999999999996,83.69999999999999,1000000.0,5370.0,1005370.0,196124.03100775194,809245.9689922481,1940.8450000001137
28,382.0,5.7299999999999995,53.699999999999996,59.42999999999999,191000.0,5370.0,196370.0,196744.18604651163,0.0,2000.2750000001138
29,2000.0,30.0,53.699999999999996,83.69999999999999,1000000.0,5370.0,1005370.0,197364.34108527133,808005.6589147287,2083.9750000001136
30,2000.0,30.0,53.699999999999996,83.69999999999999,1000000.0,5370.0,1005370.0,197984.49612403102,807385.503875969,2167.6750000001134
31,2000.0,30.0,53.699999999999996,83.69999999999999,1000000.0,5370.0,1005370.0,198604.6511627907,806765.3488372093,2251.3750000001132
32,2000.0,30.0,53.699999999999996,83.69999999999999,1000000.0,5370.0,1005370.0,199224.80620155038,806145.1937984496,2335.075000000113
33,388.0,5.819999999999999,53.699999999999996,59.519999999999996,194000.0,5370.0,199370.0,199844.96124031008,0.0,2394.595000000113
34,2000.0,30.0,53.699999999999996,83.69999999999999,1000000.0,5370.0,1005370.0,200465.11627906977,804904.8837209302,2478.295000000113
35,391.0,5.865,53.699999999999996,59.565,195500.0,5370.0,200870.0,201085.27131782947,0.0,2537.860000000113
36,2000.0,30.0,53.699999999999996,83.69999999999999,1000000.0,5370.0,1005370.0,201705.42635658913,803664.5736434108,2621.5600000001127
37,2000.0,30.0,53.699999999999996,83.69999999999999,1000000.0,5370.0,1005370.0,202325.58139534883,803044.4186046512,2705.2600000001125
38,2000.0,30.0,53.699999999999996,83.69999999999999,1000000.0,5370.0,1005370.0,202945.73643410852,802424.2635658914,2788.9600000001124
39,396.0,5.9399999999999995,53.699999999999996,59.63999999999999,198000.0,5370.0,203370.0,203565.8914728682,0.0,2848.6000000001122
40,2000.0,30.0,53.699999999999996,83.69999999999999,1000000.0,5370.0,1005370.0,204186.0465116279,801183.953488372,2932.300000000112
41,398.0,5.97,53.699999999999996,59.669999999999995,199000.0,5370.0,204370.0,204806.2015503876,0.0,2991.970000000112
42,2000.0,30.0,53.699999999999996,83.69999999999999,1000000.0,5370.0,1005370.0,205426.3565891473,799943.6434108526,3075.670000000112
43,408.0,6.12,53.699999999999996,59.81999999999999,204000.0,5370.0,209370.0,206046.511627907,3323.488372092998,3135.490000000112
44,402.0,6.029999999999999,53.699999999999996,59.73,201000.0,5370.0,206370.0,206666.66666666666,0.0,3195.220000000112
45,2000.0,30.0,53.699999999999996,83.69999999999999,1000000.0,5370.0,1005370.0,207286.82170542635,798083.1782945737,3278.920000000112
46,2000.0,30.0,53.699999999999996,83.69999999999999,1000000.0,5370.0,1005370.0,207906.97674418605,797463.023255814,3362.6200000001118
47,2000.0,30.0,53.699999999999996,83.69999999999999,1000000.0,5370.0,1005370.0,208527.13178294574,796842.8682170543,3446.3200000001116
48,2000.0,30.0,53.699999999999996,83.69999999999999,1000000.0,5370.0,1005370.0,209147.28682170543,796222.7131782946,3530.0200000001114
49,2000.0,30.0,53.699999999999996,83.69999999999999,1000000.0,5370.0,1005370.0,209767.4418604651,795602.5581395349,3613.720000000111
50,2000.0,30.0,53.699999999999996,83.69999999999999,1000000.0,5370.0,1005370.0,210387.5968992248,794982.4031007752,3697.420000000111
51,2000.0,30.0,53.699999999999996,83.69999999999999,1000000.0,5370.0,1005370.0,211007.7519379845,794362.2480620155,3781.120000000111
52,2000.0,30.0,53.699999999999996,83.69999999999999,1000000.0,5370.0,1005370.0,211627.90697674418,793742.0930232558,3864.8200000001107
53,413.0,6.194999999999999,53.699999999999996,59.894999999999996,206500.0,5370.0,211870.0,212248.06201550388,0.0,3924.7150000001106
54,414.0,6.21,53.699999999999996,59.91,207000.0,5370.0,212370.0,212868.21705426357,0.0,3984.6250000001105
55,2000.0,30.0,53.699999999999996,83.69999999999999,1000000.0,5370.0,1005370.0,213488.37209302327,791881.6279069767,4068.3250000001103
56,417.0,6.255,53.699999999999996,59.955,208500.0,5370.0,213870.0,214108.52713178296,0.0,4128.280000000111
57,2000.0,30.0,53.699999999999996,83.69999999999999,1000000.0,5370.0,1005370.0,214728.68217054263,790641.3178294573,4211.9800000001105
58,2000.0,30.0,53.699999999999996,83.69999999999999,1000000.0,5370.0,1005370.0,215348.83720930232,790021.1627906977,4295.68000000011
59,2000.0,30.0,53.699999999999996,83.69999999999999,1000000.0,5370.0,1005370.0,215968.99224806202,789401.007751938,4379.38000000011
60,2000.0,30.0,53.699999999999996,83.69999999999999,1000000.0,5370.0,1005370.0,216589.1472868217,788780.8527131783,4463.08000000011
61,2000.0,30.0,53.699999999999996,83.69999999999999,1000000.0,5370.0,1005370.0,217209.30232558138,788160.6976744186,4546.78000000011
62,424.0,6.359999999999999,53.699999999999996,60.059999999999995,212000.0,5370.0,217370.0,217829.45736434107,0.0,4606.84000000011
63,426.0,6.39,53.699999999999996,60.089999999999996,213000.0,5370.0,218370.0,218449.61240310076,0.0,4666.93000000011
64,2000.0,30.0,53.699999999999996,83.69999999999999,1000000.0,5370.0,1005370.0,219069.76744186046,786300.2325581396,4750.63000000011
65,2000.0,30.0,53.699999999999996,83.69999999999999,1000000.0,5370.0,1005370.0,219689.92248062015,785680.0775193798,4834.33000000011
66,2000.0,30.0,53.699999999999996,83.69999999999999,1000000.0,5370.0,1005370.0,220310.07751937985,785059.9224806202,4918.03000000011
67,2000.0,30.0,53.699999999999996,83.69999999999999,1000000.0,5370.0,1005370.0,220930.23255813954,784439.7674418604,5001.73000000011
68,2000.0,30.0,53.699999999999996,83.69999999999999,1000000.0,5370.0,1005370.0,221550.38759689924,783819.6124031008,5085.430000000109
69,2000.0,30.0,53.699999999999996,83.69999999999999,1000000.0,5370.0,1005370.0,222170.54263565893,783199.457364341,5169.130000000109
70,2000.0,30.0,53.699999999999996,83.69999999999999,1000000.0,5370.0,1005370.0,222790.6976744186,782579.3023255814,5252.830000000109
71,436.0,6.54,53.699999999999996,60.239999999999995,218000.0,5370.0,223370.0,223410.8527131783,0.0,5313.070000000109
72,2000.0,30.0,53.699999999999996,83.69999999999999,1000000.0,5370.0,1005370.0,224031.00775193798,781338.992248062,5396.770000000109
73,2000.0,30.0,53.699999999999996,83.69999999999999,1000000.0,5370.0,1005370.0,224651.16279069768,780718.8372093023,5480.4700000001085
74,2000.0,30.0,53.699999999999996,83.69999999999999,1000000.0,5370.0,1005370.0,225271.31782945734,780098.6821705427,5564.170000000108
75,441.0,6.614999999999999,53.699999999999996,60.315,220500.0,5370.0,225870.0,225891.47286821704,0.0,5624.485000000108
76,2000.0,30.0,53.699999999999996,83.69999999999999,1000000.0,5370.0,1005370.0,226511.62790697673,778858.3720930233,5708.185000000108
77,2000.0,30.0,53.699999999999996,83.69999999999999,1000000.0,5370.0,1005370.0,227131.78294573643,778238.2170542636,5791.8850000001075
78,2000.0,30.0,53.699999999999996,83.69999999999999,1000000.0,5370.0,1005370.0,227751.93798449612,777618.0620155039,5875.585000000107
79,446.0,6.6899999999999995,53.699999999999996,60.38999999999999,223000.0,5370.0,228370.0,228372.09302325582,0.0,5935.975000000108
80,2000.0,30.0,53.699999999999996,83.69999999999999,1000000.0,5370.0,1005370.0,228992.2480620155,776377.7519379845,6019.6750000001075
81,2000.0,30.0,53.699999999999996,83.69999999999999,1000000.0,5370.0,1005370.0,229612.4031007752,775757.5968992248,6103.375000000107
82,2000.0,30.0,53.699999999999996,83.69999999999999,1000000.0,5370.0,1005370.0,230232.55813953487,775137.4418604651,6187.075000000107
83,2000.0,30.0,53.699999999999996,83.69999999999999,1000000.0,5370.0,1005370.0,230852.71317829457,774517.2868217054,6270.775000000107
84,2000.0,30.0,53.699999999999996,83.69999999999999,1000000.0,5370.0,1005370.0,231472.86821705426,773897.1317829457,6354.475000000107
85,2000.0,30.0,53.699999999999996,83.69999999999999,1000000.0,5370.0,1005370.0,232093.02325581395,773276.976744186,6438.175000000107
86,454.0,6.81,53.699999999999996,60.51,227000.0,5370.0,232370.0,232713.17829457365,0.0,6498.685000000107
87,2000.0,30.0,53.699999999999996,83.69999999999999,1000000.0,5370.0,1005370.0,233333.3333333333,772036.6666666666,6582.385000000107
88,2000.0,30.0,53.699999999999996,83.69999999999999,1000000.0,5370.0,1005370.0,233953.488372093,771416.5116279069,6666.085000000106
89,2000.0,30.0,53.699999999999996,83.69999999999999,1000000.0,5370.0,1005370.0,234573.6434108527,770796.3565891474,6749.785000000106
90,477.0,7.154999999999999,53.699999999999996,60.855,238500.0,5370.0,243870.0,235193.7984496124,8676.201550387588,6810.640000000106
91,2000.0,30.0,53.699999999999996,83.69999999999999,1000000.0,5370.0,1005370.0,235813.9534883721,769556.046511628,6894.340000000106
92,462.0,6.93,53.699999999999996,60.629999999999995,231000.0,5370.0,236370.0,236434.1085271318,0.0,6954.970000000106
93,2000.0,30.0,53.699999999999996,83.69999999999999,1000000.0,5370.0,1005370.0,237054.26356589148,768315.7364341086,7038.670000000106
94,2000.0,30.0,53.699999999999996,83.69999999999999,1000000.0,5370.0,1005370.0,237674.41860465117,767695.5813953488,7122.370000000105
95,2000.0,30.0,53.699999999999996,83.69999999999999,1000000.0,5370.0,1005370.0,238294.57364341084,767075.4263565892,7206.070000000105
96,2000.0,30.0,53.699999999999996,83.69999999999999,1000000.0,5370.0,1005370.0,238914.72868217053,766455.2713178295,7289.770000000105
97,2000.0,30.0,53.699999999999996,83.69999999999999,1000000.0,5370.0,1005370.0,239534.88372093023,765835.1162790698,7373.470000000105
98,2000.0,30.0,53.699999999999996,83.69999999999999,1000000.0,5370.0,1005370.0,240155.03875968992,765214.9612403101,7457.170000000105
99,2000.0,30.0,53.699999999999996,83.69999999999999,1000000.0,5370.0,1005370.0,240775.19379844962,764594.8062015504,7540.8700000001045
100,2000.0,30.0,53.699999999999996,83.69999999999999,1000000.0,5370.0,1005370.0,241395.34883720928,763974.6511627907,7624.570000000104
101,2000.0,30.0,53.699999999999996,83.69999999999999,1000000.0,5370.0,1005370.0,242015.50387596898,763354.496124031,7708.270000000104
102,2000.0,30.0,53.699999999999996,83.69999999999999,1000000.0,5370.0,1005370.0,242635.65891472867,762734.3410852713,7791.970000000104
103,2000.0,30.0,53.699999999999996,83.69999999999999,1000000.0,5370.0,1005370.0,243255.81395348837,762114.1860465116,7875.670000000104
104,477.0,7.154999999999999,53.699999999999996,60.855,238500.0,5370.0,243870.0,243875.96899224806,0.0,7936.525000000103
105,2000.0,30.0,53.699999999999996,83.69999999999999,1000000.0,5370.0,1005370.0,244496.12403100776,760873.8759689922,8020.225000000103
106,2000.0,30.0,53.699999999999996,83.69999999999999,1000000.0,5370.0,1005370.0,245116.27906976745,760253.7209302326,8103.925000000103
107,2000.0,30.0,53.699999999999996,83.69999999999999,1000000.0,5370.0,1005370.0,245736.43410852714,759633.5658914729,8187.625000000103
108,2000.0,30.0,53.699999999999996,83.69999999999999,1000000.0,5370.0,1005370.0,246356.58914728684,759013.4108527132,8271.325000000103
109,2000.0,30.0,53.699999999999996,83.69999999999999,1000000.0,5370.0,1005370.0,246976.7441860465,758393.2558139535,8355.025000000103
110,484.0,7.26,53.699999999999996,60.959999999999994,242000.0,5370.0,247370.0,247596.8992248062,0.0,8415.985000000102
111,2000.0,30.0,53.699999999999996,83.69999999999999,1000000.0,5370.0,1005370.0,248217.0542635659,757152.9457364341,8499.685000000103
112,486.0,7.29,53.699999999999996,60.989999999999995,243000.0,5370.0,248370.0,248837.20930232556,0.0,8560.675000000103
113,2000.0,30.0,53.699999999999996,83.69999999999999,1000000.0,5370.0,1005370.0,249457.36434108525,755912.6356589147,8644.375000000104
114,2000.0,30.0,53.699999999999996,83.69999999999999,1000000.0,5370.0,1005370.0,250077.51937984495,755292.4806201551,8728.075000000104
115,2000.0,30.0,53.699999999999996,83.69999999999999,1000000.0,5370.0,1005370.0,250697.67441860464,754672.3255813953,8811.775000000105
116,2000.0,30.0,53.699999999999996,83.69999999999999,1000000.0,5370.0,1005370.0,251317.82945736434,754052.1705426357,8895.475000000106
117,2000.0,30.0,53.699999999999996,83.69999999999999,1000000.0,5370.0,1005370.0,251937.98449612403,753432.0155038759,8979.175000000107
118,2000.0,30.0,53.699999999999996,83.69999999999999,1000000.0,5370.0,1005370.0,252558.13953488372,752811.8604651163,9062.875000000107
119,2000.0,30.0,53.699999999999996,83.69999999999999,1000000.0,5370.0,1005370.0,253178.29457364342,752191.7054263565,9146.575000000108
120,2000.0,30.0,53.699999999999996,83.69999999999999,1000000.0,5370.0,1005370.0,253798.4496124031,751571.550387597,9230.275000000109
121,2000.0,30.0,53.699999999999996,83.69999999999999,1000000.0,5370.0,1005370.0,254418.60465116278,750951.3953488372,9313.97500000011
122,2000.0,30.0,53.699999999999996,83.69999999999999,1000000.0,5370.0,1005370.0,255038.75968992247,750331.2403100776,9397.67500000011
123,2000.0,30.0,53.699999999999996,83.69999999999999,1000000.0,5370.0,1005370.0,255658.91472868217,749711.0852713179,9481.375000000111
124,2000.0,30.0,53.699999999999996,83.69999999999999,1000000.0,5370.0,1005370.0,256279.06976744186,749090.9302325582,9565.075000000112
125,503.0,7.545,53.699999999999996,61.245,251500.0,5370.0,256870.0,256899.22480620153,0.0,9626.320000000112
126,504.0,7.56,53.699999999999996,61.26,252000.0,5370.0,257370.0,257519.37984496122,0.0,9687.580000000113
127,2000.0,30.0,53.699999999999996,83.69999999999999,1000000.0,5370.0,1005370.0,258139.53488372092,747230.4651162791,9771.280000000113
128,2000.0,30.0,53.699999999999996,83.69999999999999,1000000.0,5370.0,1005370.0,258759.6899224806,746610.3100775194,9854.980000000114
129,508.0,7.62,53.699999999999996,61.31999999999999,254000.0,5370.0,259370.0,259379.8449612403,0.0,9916.300000000114
130,2000.0,30.0,53.699999999999996,83.69999999999999,1000000.0,5370.0,1005370.0,260000.0,745370.0,10000.000000000115
