Week,Rockets,Water_Shipped_ton,Equipment_Shipped_ton,Total_Shipped_ton,Stock_Level_ton,Recycling_Rate,Recycled_Water_ton,Water_Demand_ton,Cumulative_Rockets,Cumulative_Cost_M,Cumulative_Equipment,Self_Sufficiency
0,1405.0,140310.0,140.0,140450.0,810.0,0.99,0.0,140000.0,1405.0,70250.0,140.0,0.0
1,14.0,1400.0,0.0,1400.0,810.0,0.99,138600.0,140000.0,1419.0,70950.0,140.0,0.99
2,14.0,1400.0,0.0,1400.0,810.0,0.99,138600.0,140000.0,1433.0,71650.0,140.0,0.99
3,14.0,1400.0,0.0,1400.0,810.0,0.99,138600.0,140000.0,1447.0,72350.0,140.0,0.99
4,14.0,1400.0,0.0,1400.0,810.0,0.99,138600.0,140000.0,1461.0,73050.0,140.0,0.99
5,14.0,1400.0,0.0,1400.0,810.0,0.99,138600.0,140000.0,1475.0,73750.0,140.0,0.99
6,14.0,1400.0,0.0,1400.0,810.0,0.99,138600.0,140000.0,1489.0,74450.0,140.0,0.99
7,14.0,1400.0,0.0,1400.0,810.0,0.99,138600.0,140000.0,1503.0,75150.0,140.0,0.99
8,14.0,1400.0,0.0,1400.0,810.0,0.99,138600.0,140000.0,1517.0,75850.0,140.0,0.99
9,14.0,1400.0,0.0,1400.0,810.0,0.99,138600.0,140000.0,1531.0,76550.0,140.0,0.99
10,14.0,1400.0,0.0,1400.0,810.0,0.99,138600.0,140000.0,1545.0,77250.0,140.0,0.99
11,14.0,1400.0,0.0,1400.0,810.0,0.99,138600.0,140000.0,1559.0,77950.0,140.0,0.99
12,14.0,1400.0,0.0,1400.0,810.0,0.99,138600.0,140000.0,1573.0,78650.0,140.0,0.99
13,14.0,1400.0,0.0,1400.0,810.0,0.99,138600.0,140000.0,1587.0,79350.0,140.0,0.99
14,14.0,1400.0,0.0,1400.0,810.0,0.99,138600.0,140000.0,1601.0,80050.0,140.0,0.99
15,14.0,1400.0,0.0,1400.0,810.0,0.99,138600.0,140000.0,1615.0,80750.0,140.0,0.99
16,14.0,1400.0,0.0,1400.0,810.0,0.99,138600.0,140000.0,1629.0,81450.0,140.0,0.99
17,14.0,1400.0,0.0,1400.0,810.0,0.99,138600.0,140000.0,1643.0,82150.0,140.0,0.99
18,14.0,1400.0,0.0,1400.0,810.0,0.99,138600.0,140000.0,1657.0,82850.0,140.0,0.99
19,14.0,1400.0,0.0,1400.0,810.0,0.99,138600.0,140000.0,1671.0,83550.0,140.0,0.99
20,14.0,1400.0,0.0,1400.0,810.0,0.99,138600.0,140000.0,1685.0,84250.0,140.0,0.99
21,14.0,1400.0,0.0,1400.0,810.0,0.99,138600.0,140000.0,1699.0,84950.0,140.0,0.99
22,14.0,1400.0,0.0,1400.0,810.0,0.99,138600.0,140000.0,1713.0,85650.0,140.0,0.99
23,14.0,1400.0,0.0,1400.0,810.0,0.99,138600.0,140000.0,1727.0,86350.0,140.0,0.99
24,14.0,1400.0,0.0,1400.0,810.0,0.99,138600.0,140000.0,1741.0,87050.0,140.0,0.99
25,14.0,1400.0,0.0,1400.0,810.0,0.99,138600.0,140000.0,1755.0,87750.0,140.0,0.99
26,14.0,1400.0,0.0,1400.0,810.0,0.99,138600.0,140000.0,1769.0,88450.0,140.0,0.99
27,14.0,1400.0,0.0,1400.0,810.0,0.99,138600.0,140000.0,1783.0,89150.0,140.0,0.99
28,14.0,1400.0,0.0,1400.0,810.0,0.99,138600.0,140000.0,1797.0,89850.0,140.0,0.99
29,14.0,1400.0,0.0,1400.0,810.0,0.99,138600.0,140000.0,1811.0,90550.0,140.0,0.99
30,14.0,1400.0,0.0,1400.0,810.0,0.99,138600.0,140000.0,1825.0,91250.0,140.0,0.99
31,14.0,1400.0,0.0,1400.0,810.0,0.99,138600.0,140000.0,1839.0,91950.0,140.0,0.99
32,14.0,1400.0,0.0,1400.0,810.0,0.99,138600.0,140000.0,1853.0,92650.0,140.0,0.99
33,14.0,1400.0,0.0,1400.0,810.0,0.99,138600.0,140000.0,1867.0,93350.0,140.0,0.99
34,14.0,1400.0,0.0,1400.0,810.0,0.99,138600.0,140000.0,1881.0,94050.0,140.0,0.99
35,14.0,1400.0,0.0,1400.0,810.0,0.99,138600.0,140000.0,1895.0,94750.0,140.0,0.99
36,14.0,1400.0,0.0,1400.0,810.0,0.99,138600.0,140000.0,1909.0,95450.0,140.0,0.99
37,14.0,1400.0,0.0,1400.0,810.0,0.99,138600.0,140000.0,1923.0,96150.0,140.0,0.99
38,14.0,1400.0,0.0,1400.0,810.0,0.99,138600.0,140000.0,1937.0,96850.0,140.0,0.99
39,14.0,1400.0,0.0,1400.0,810.0,0.99,138600.0,140000.0,1951.0,97550.0,140.0,0.99
40,14.0,1400.0,0.0,1400.0,810.0,0.99,138600.0,140000.0,1965.0,98250.0,140.0,0.99
41,14.0,1400.0,0.0,1400.0,810.0,0.99,138600.0,140000.0,1979.0,98950.0,140.0,0.99
42,14.0,1400.0,0.0,1400.0,810.0,0.99,138600.0,140000.0,1993.0,99650.0,140.0,0.99
43,14.0,1400.0,0.0,1400.0,810.0,0.99,138600.0,140000.0,2007.0,100350.0,140.0,0.99
44,14.0,1400.0,0.0,1400.0,810.0,0.99,138600.0,140000.0,2021.0,101050.0,140.0,0.99
45,14.0,1400.0,0.0,1400.0,810.0,0.99,138600.0,140000.0,2035.0,101750.0,140.0,0.99
46,14.0,1400.0,0.0,1400.0,810.0,0.99,138600.0,140000.0,2049.0,102450.0,140.0,0.99
47,14.0,1400.0,0.0,1400.0,810.0,0.99,138600.0,140000.0,2063.0,103150.0,140.0,0.99
48,14.0,1400.0,0.0,1400.0,810.0,0.99,138600.0,140000.0,2077.0,103850.0,140.0,0.99
49,14.0,1400.0,0.0,1400.0,810.0,0.99,138600.0,140000.0,2091.0,104550.0,140.0,0.99
50,14.0,1400.0,0.0,1400.0,810.0,0.99,138600.0,140000.0,2105.0,105250.0,140.0,0.99
51,14.0,1400.0,0.0,1400.0,810.0,0.99,138600.0,140000.0,2119.0,105950.0,140.0,0.99
52,14.0,1400.0,0.0,1400.0,810.0,0.99,138600.0,140000.0,2133.0,106650.0,140.0,0.99
53,14.0,1400.0,0.0,1400.0,810.0,0.99,138600.0,140000.0,2147.0,107350.0,140.0,0.99
54,14.0,1400.0,0.0,1400.0,810.0,0.99,138600.0,140000.0,2161.0,108050.0,140.0,0.99
55,14.0,1400.0,0.0,1400.0,810.0,0.99,138600.0,140000.0,2175.0,108750.0,140.0,0.99
56,14.0,1400.0,0.0,1400.0,810.0,0.99,138600.0,140000.0,2189.0,109450.0,140.0,0.99
57,14.0,1400.0,0.0,1400.0,810.0,0.99,138600.0,140000.0,2203.0,110150.0,140.0,0.99
58,14.0,1400.0,0.0,1400.0,810.0,0.99,138600.0,140000.0,2217.0,110850.0,140.0,0.99
59,14.0,1400.0,0.0,1400.0,810.0,0.99,138600.0,140000.0,2231.0,111550.0,140.0,0.99
60,14.0,1400.0,0.0,1400.0,810.0,0.99,138600.0,140000.0,2245.0,112250.0,140.0,0.99
61,14.0,1400.0,0.0,1400.0,810.0,0.99,138600.0,140000.0,2259.0,112950.0,140.0,0.99
62,14.0,1400.0,0.0,1400.0,810.0,0.99,138600.0,140000.0,2273.0,113650.0,140.0,0.99
63,14.0,1400.0,0.0,1400.0,810.0,0.99,138600.0,140000.0,2287.0,114350.0,140.0,0.99
64,14.0,1400.0,0.0,1400.0,810.0,0.99,138600.0,140000.0,2301.0,115050.0,140.0,0.99
65,14.0,1400.0,0.0,1400.0,810.0,0.99,138600.0,140000.0,2315.0,115750.0,140.0,0.99
66,14.0,1400.0,0.0,1400.0,810.0,0.99,138600.0,140000.0,2329.0,116450.0,140.0,0.99
67,14.0,1400.0,0.0,1400.0,810.0,0.99,138600.0,140000.0,2343.0,117150.0,140.0,0.99
68,14.0,1400.0,0.0,1400.0,810.0,0.99,138600.0,140000.0,2357.0,117850.0,140.0,0.99
69,14.0,1400.0,0.0,1400.0,810.0,0.99,138600.0,140000.0,2371.0,118550.0,140.0,0.99
70,14.0,1400.0,0.0,1400.0,810.0,0.99,138600.0,140000.0,2385.0,119250.0,140.0,0.99
71,14.0,1400.0,0.0,1400.0,810.0,0.99,138600.0,140000.0,2399.0,119950.0,140.0,0.99
72,14.0,1400.0,0.0,1400.0,810.0,0.99,138600.0,140000.0,2413.0,120650.0,140.0,0.99
73,14.0,1400.0,0.0,1400.0,810.0,0.99,138600.0,140000.0,2427.0,121350.0,140.0,0.99
74,14.0,1400.0,0.0,1400.0,810.0,0.99,138600.0,140000.0,2441.0,122050.0,140.0,0.99
75,14.0,1400.0,0.0,1400.0,810.0,0.99,138600.0,140000.0,2455.0,122750.0,140.0,0.99
76,14.0,1400.0,0.0,1400.0,810.0,0.99,138600.0,140000.0,2469.0,123450.0,140.0,0.99
77,14.0,1400.0,0.0,1400.0,810.0,0.99,138600.0,140000.0,2483.0,124150.0,140.0,0.99
78,14.0,1400.0,0.0,1400.0,810.0,0.99,138600.0,140000.0,2497.0,124850.0,140.0,0.99
79,14.0,1400.0,0.0,1400.0,810.0,0.99,138600.0,140000.0,2511.0,125550.0,140.0,0.99
80,14.0,1400.0,0.0,1400.0,810.0,0.99,138600.0,140000.0,2525.0,126250.0,140.0,0.99
81,14.0,1400.0,0.0,1400.0,810.0,0.99,138600.0,140000.0,2539.0,126950.0,140.0,0.99
82,14.0,1400.0,0.0,1400.0,810.0,0.99,138600.0,140000.0,2553.0,127650.0,140.0,0.99
83,14.0,1400.0,0.0,1400.0,810.0,0.99,138600.0,140000.0,2567.0,128350.0,140.0,0.99
84,14.0,1400.0,0.0,1400.0,810.0,0.99,138600.0,140000.0,2581.0,129050.0,140.0,0.99
85,14.0,1400.0,0.0,1400.0,810.0,0.99,138600.0,140000.0,2595.0,129750.0,140.0,0.99
86,14.0,1400.0,0.0,1400.0,810.0,0.99,138600.0,140000.0,2609.0,130450.0,140.0,0.99
87,14.0,1400.0,0.0,1400.0,810.0,0.99,138600.0,140000.0,2623.0,131150.0,140.0,0.99
88,14.0,1400.0,0.0,1400.0,810.0,0.99,138600.0,140000.0,2637.0,131850.0,140.0,0.99
89,14.0,1400.0,0.0,1400.0,810.0,0.99,138600.0,140000.0,2651.0,132550.0,140.0,0.99
90,14.0,1400.0,0.0,1400.0,810.0,0.99,138600.0,140000.0,2665.0,133250.0,140.0,0.99
91,14.0,1400.0,0.0,1400.0,810.0,0.99,138600.0,140000.0,2679.0,133950.0,140.0,0.99
92,14.0,1400.0,0.0,1400.0,810.0,0.99,138600.0,140000.0,2693.0,134650.0,140.0,0.99
93,14.0,1400.0,0.0,1400.0,810.0,0.99,138600.0,140000.0,2707.0,135350.0,140.0,0.99
94,14.0,1400.0,0.0,1400.0,810.0,0.99,138600.0,140000.0,2721.0,136050.0,140.0,0.99
95,14.0,1400.0,0.0,1400.0,810.0,0.99,138600.0,140000.0,2735.0,136750.0,140.0,0.99
96,14.0,1400.0,0.0,1400.0,810.0,0.99,138600.0,140000.0,2749.0,137450.0,140.0,0.99
97,14.0,1400.0,0.0,1400.0,810.0,0.99,138600.0,140000.0,2763.0,138150.0,140.0,0.99
98,14.0,1400.0,0.0,1400.0,810.0,0.99,138600.0,140000.0,2777.0,138850.0,140.0,0.99
99,14.0,1400.0,0.0,1400.0,810.0,0.99,138600.0,140000.0,2791.0,139550.0,140.0,0.99
100,14.0,1400.0,0.0,1400.0,810.0,0.99,138600.0,140000.0,2805.0,140250.0,140.0,0.99
101,14.0,1400.0,0.0,1400.0,810.0,0.99,138600.0,140000.0,2819.0,140950.0,140.0,0.99
102,14.0,1400.0,0.0,1400.0,810.0,0.99,138600.0,140000.0,2833.0,141650.0,140.0,0.99
103,14.0,1400.0,0.0,1400.0,810.0,0.99,138600.0,140000.0,2847.0,142350.0,140.0,0.99
104,14.0,1400.0,0.0,1400.0,810.0,0.99,138600.0,140000.0,2861.0,143050.0,140.0,0.99
105,14.0,1400.0,0.0,1400.0,810.0,0.99,138600.0,140000.0,2875.0,143750.0,140.0,0.99
106,14.0,1400.0,0.0,1400.0,810.0,0.99,138600.0,140000.0,2889.0,144450.0,140.0,0.99
107,14.0,1400.0,0.0,1400.0,810.0,0.99,138600.0,140000.0,2903.0,145150.0,140.0,0.99
108,14.0,1400.0,0.0,1400.0,810.0,0.99,138600.0,140000.0,2917.0,145850.0,140.0,0.99
109,14.0,1400.0,0.0,1400.0,810.0,0.99,138600.0,140000.0,2931.0,146550.0,140.0,0.99
110,14.0,1400.0,0.0,1400.0,810.0,0.99,138600.0,140000.0,2945.0,147250.0,140.0,0.99
111,14.0,1400.0,0.0,1400.0,810.0,0.99,138600.0,140000.0,2959.0,147950.0,140.0,0.99
112,14.0,1400.0,0.0,1400.0,810.0,0.99,138600.0,140000.0,2973.0,148650.0,140.0,0.99
113,14.0,1400.0,0.0,1400.0,810.0,0.99,138600.0,140000.0,2987.0,149350.0,140.0,0.99
114,14.0,1400.0,0.0,1400.0,810.0,0.99,138600.0,140000.0,3001.0,150050.0,140.0,0.99
115,14.0,1400.0,0.0,1400.0,810.0,0.99,138600.0,140000.0,3015.0,150750.0,140.0,0.99
116,14.0,1400.0,0.0,1400.0,810.0,0.99,138600.0,140000.0,3029.0,151450.0,140.0,0.99
117,14.0,1400.0,0.0,1400.0,810.0,0.99,138600.0,140000.0,3043.0,152150.0,140.0,0.99
118,14.0,1400.0,0.0,1400.0,810.0,0.99,138600.0,140000.0,3057.0,152850.0,140.0,0.99
119,14.0,1400.0,0.0,1400.0,810.0,0.99,138600.0,140000.0,3071.0,153550.0,140.0,0.99
120,14.0,1400.0,0.0,1400.0,810.0,0.99,138600.0,140000.0,3085.0,154250.0,140.0,0.99
121,14.0,1400.0,0.0,1400.0,810.0,0.99,138600.0,140000.0,3099.0,154950.0,140.0,0.99
122,14.0,1400.0,0.0,1400.0,810.0,0.99,138600.0,140000.0,3113.0,155650.0,140.0,0.99
123,14.0,1400.0,0.0,1400.0,810.0,0.99,138600.0,140000.0,3127.0,156350.0,140.0,0.99
124,14.0,1400.0,0.0,1400.0,810.0,0.99,138600.0,140000.0,3141.0,157050.0,140.0,0.99
125,14.0,1400.0,0.0,1400.0,810.0,0.99,138600.0,140000.0,3155.0,157750.0,140.0,0.99
126,14.0,1400.0,0.0,1400.0,810.0,0.99,138600.0,140000.0,3169.0,158450.0,140.0,0.99
127,14.0,1400.0,0.0,1400.0,810.0,0.99,138600.0,140000.0,3183.0,159150.0,140.0,0.99
128,14.0,1400.0,0.0,1400.0,810.0,0.99,138600.0,140000.0,3197.0,159850.0,140.0,0.99
129,14.0,1400.0,0.0,1400.0,810.0,0.99,138600.0,140000.0,3211.0,160550.0,140.0,0.99
130,14.0,1400.0,0.0,1400.0,810.0,0.99,138600.0,140000.0,3225.0,161250.0,140.0,0.99
131,14.0,1400.0,0.0,1400.0,810.0,0.99,138600.0,140000.0,3239.0,161950.0,140.0,0.99
132,14.0,1400.0,0.0,1400.0,810.0,0.99,138600.0,140000.0,3253.0,162650.0,140.0,0.99
133,14.0,1400.0,0.0,1400.0,810.0,0.99,138600.0,140000.0,3267.0,163350.0,140.0,0.99
134,14.0,1400.0,0.0,1400.0,810.0,0.99,138600.0,140000.0,3281.0,164050.0,140.0,0.99
135,14.0,1400.0,0.0,1400.0,810.0,0.99,138600.0,140000.0,3295.0,164750.0,140.0,0.99
136,14.0,1400.0,0.0,1400.0,810.0,0.99,138600.0,140000.0,3309.0,165450.0,140.0,0.99
137,14.0,1400.0,0.0,1400.0,810.0,0.99,138600.0,140000.0,3323.0,166150.0,140.0,0.99
138,14.0,1400.0,0.0,1400.0,810.0,0.99,138600.0,140000.0,3337.0,166850.0,140.0,0.99
139,14.0,1400.0,0.0,1400.0,810.0,0.99,138600.0,140000.0,3351.0,167550.0,140.0,0.99
140,14.0,1400.0,0.0,1400.0,810.0,0.99,138600.0,140000.0,3365.0,168250.0,140.0,0.99
141,14.0,1400.0,0.0,1400.0,810.0,0.99,138600.0,140000.0,3379.0,168950.0,140.0,0.99
142,14.0,1400.0,0.0,1400.0,810.0,0.99,138600.0,140000.0,3393.0,169650.0,140.0,0.99
143,14.0,1400.0,0.0,1400.0,810.0,0.99,138600.0,140000.0,3407.0,170350.0,140.0,0.99
144,14.0,1400.0,0.0,1400.0,810.0,0.99,138600.0,140000.0,3421.0,171050.0,140.0,0.99
145,14.0,1400.0,0.0,1400.0,810.0,0.99,138600.0,140000.0,3435.0,171750.0,140.0,0.99
146,14.0,1400.0,0.0,1400.0,810.0,0.99,138600.0,140000.0,3449.0,172450.0,140.0,0.99
147,14.0,1400.0,0.0,1400.0,810.0,0.99,138600.0,140000.0,3463.0,173150.0,140.0,0.99
148,14.0,1400.0,0.0,1400.0,810.0,0.99,138600.0,140000.0,3477.0,173850.0,140.0,0.99
149,14.0,1400.0,0.0,1400.0,810.0,0.99,138600.0,140000.0,3491.0,174550.0,140.0,0.99
150,14.0,1400.0,0.0,1400.0,810.0,0.99,138600.0,140000.0,3505.0,175250.0,140.0,0.99
151,14.0,1400.0,0.0,1400.0,810.0,0.99,138600.0,140000.0,3519.0,175950.0,140.0,0.99
152,14.0,1400.0,0.0,1400.0,810.0,0.99,138600.0,140000.0,3533.0,176650.0,140.0,0.99
153,14.0,1400.0,0.0,1400.0,810.0,0.99,138600.0,140000.0,3547.0,177350.0,140.0,0.99
154,14.0,1400.0,0.0,1400.0,810.0,0.99,138600.0,140000.0,3561.0,178050.0,140.0,0.99
155,14.0,1400.0,0.0,1400.0,810.0,0.99,138600.0,140000.0,3575.0,178750.0,140.0,0.99
156,14.0,1400.0,0.0,1400.0,810.0,0.99,138600.0,140000.0,3589.0,179450.0,140.0,0.99
157,14.0,1400.0,0.0,1400.0,810.0,0.99,138600.0,140000.0,3603.0,180150.0,140.0,0.99
158,14.0,1400.0,0.0,1400.0,810.0,0.99,138600.0,140000.0,3617.0,180850.0,140.0,0.99
159,14.0,1400.0,0.0,1400.0,810.0,0.99,138600.0,140000.0,3631.0,181550.0,140.0,0.99
160,14.0,1400.0,0.0,1400.0,810.0,0.99,138600.0,140000.0,3645.0,182250.0,140.0,0.99
161,14.0,1400.0,0.0,1400.0,810.0,0.99,138600.0,140000.0,3659.0,182950.0,140.0,0.99
162,14.0,1400.0,0.0,1400.0,810.0,0.99,138600.0,140000.0,3673.0,183650.0,140.0,0.99
163,14.0,1400.0,0.0,1400.0,810.0,0.99,138600.0,140000.0,3687.0,184350.0,140.0,0.99
164,14.0,1400.0,0.0,1400.0,810.0,0.99,138600.0,140000.0,3701.0,185050.0,140.0,0.99
165,14.0,1400.0,0.0,1400.0,810.0,0.99,138600.0,140000.0,3715.0,185750.0,140.0,0.99
166,14.0,1400.0,0.0,1400.0,810.0,0.99,138600.0,140000.0,3729.0,186450.0,140.0,0.99
167,14.0,1400.0,0.0,1400.0,810.0,0.99,138600.0,140000.0,3743.0,187150.0,140.0,0.99
168,14.0,1400.0,0.0,1400.0,810.0,0.99,138600.0,140000.0,3757.0,187850.0,140.0,0.99
169,14.0,1400.0,0.0,1400.0,810.0,0.99,138600.0,140000.0,3771.0,188550.0,140.0,0.99
170,14.0,1400.0,0.0,1400.0,810.0,0.99,138600.0,140000.0,3785.0,189250.0,140.0,0.99
171,14.0,1400.0,0.0,1400.0,810.0,0.99,138600.0,140000.0,3799.0,189950.0,140.0,0.99
172,14.0,1400.0,0.0,1400.0,810.0,0.99,138600.0,140000.0,3813.0,190650.0,140.0,0.99
173,14.0,1400.0,0.0,1400.0,810.0,0.99,138600.0,140000.0,3827.0,191350.0,140.0,0.99
174,14.0,1400.0,0.0,1400.0,810.0,0.99,138600.0,140000.0,3841.0,192050.0,140.0,0.99
175,14.0,1400.0,0.0,1400.0,810.0,0.99,138600.0,140000.0,3855.0,192750.0,140.0,0.99
176,14.0,1400.0,0.0,1400.0,810.0,0.99,138600.0,140000.0,3869.0,193450.0,140.0,0.99
177,14.0,1400.0,0.0,1400.0,810.0,0.99,138600.0,140000.0,3883.0,194150.0,140.0,0.99
178,14.0,1400.0,0.0,1400.0,810.0,0.99,138600.0,140000.0,3897.0,194850.0,140.0,0.99
179,14.0,1400.0,0.0,1400.0,810.0,0.99,138600.0,140000.0,3911.0,195550.0,140.0,0.99
180,14.0,1400.0,0.0,1400.0,810.0,0.99,138600.0,140000.0,3925.0,196250.0,140.0,0.99
181,14.0,1400.0,0.0,1400.0,810.0,0.99,138600.0,140000.0,3939.0,196950.0,140.0,0.99
182,14.0,1400.0,0.0,1400.0,810.0,0.99,138600.0,140000.0,3953.0,197650.0,140.0,0.99
183,14.0,1400.0,0.0,1400.0,810.0,0.99,138600.0,140000.0,3967.0,198350.0,140.0,0.99
184,14.0,1400.0,0.0,1400.0,810.0,0.99,138600.0,140000.0,3981.0,199050.0,140.0,0.99
185,14.0,1400.0,0.0,1400.0,810.0,0.99,138600.0,140000.0,3995.0,199750.0,140.0,0.99
186,14.0,1400.0,0.0,1400.0,810.0,0.99,138600.0,140000.0,4009.0,200450.0,140.0,0.99
187,14.0,1400.0,0.0,1400.0,810.0,0.99,138600.0,140000.0,4023.0,201150.0,140.0,0.99
188,14.0,1400.0,0.0,1400.0,810.0,0.99,138600.0,140000.0,4037.0,201850.0,140.0,0.99
189,14.0,1400.0,0.0,1400.0,810.0,0.99,138600.0,140000.0,4051.0,202550.0,140.0,0.99
190,14.0,1400.0,0.0,1400.0,810.0,0.99,138600.0,140000.0,4065.0,203250.0,140.0,0.99
191,14.0,1400.0,0.0,1400.0,810.0,0.99,138600.0,140000.0,4079.0,203950.0,140.0,0.99
192,14.0,1400.0,0.0,1400.0,810.0,0.99,138600.0,140000.0,4093.0,204650.0,140.0,0.99
193,14.0,1400.0,0.0,1400.0,810.0,0.99,138600.0,140000.0,4107.0,205350.0,140.0,0.99
194,14.0,1400.0,0.0,1400.0,810.0,0.99,138600.0,140000.0,4121.0,206050.0,140.0,0.99
195,14.0,1400.0,0.0,1400.0,810.0,0.99,138600.0,140000.0,4135.0,206750.0,140.0,0.99
196,14.0,1400.0,0.0,1400.0,810.0,0.99,138600.0,140000.0,4149.0,207450.0,140.0,0.99
197,14.0,1400.0,0.0,1400.0,810.0,0.99,138600.0,140000.0,4163.0,208150.0,140.0,0.99
198,14.0,1400.0,0.0,1400.0,810.0,0.99,138600.0,140000.0,4177.0,208850.0,140.0,0.99
199,14.0,1400.0,0.0,1400.0,810.0,0.99,138600.0,140000.0,4191.0,209550.0,140.0,0.99
200,14.0,1400.0,0.0,1400.0,810.0,0.99,138600.0,140000.0,4205.0,210250.0,140.0,0.99
201,14.0,1400.0,0.0,1400.0,810.0,0.99,138600.0,140000.0,4219.0,210950.0,140.0,0.99
202,14.0,1400.0,0.0,1400.0,810.0,0.99,138600.0,140000.0,4233.0,211650.0,140.0,0.99
203,14.0,1400.0,0.0,1400.0,810.0,0.99,138600.0,140000.0,4247.0,212350.0,140.0,0.99
204,14.0,1400.0,0.0,1400.0,810.0,0.99,138600.0,140000.0,4261.0,213050.0,140.0,0.99
205,14.0,1400.0,0.0,1400.0,810.0,0.99,138600.0,140000.0,4275.0,213750.0,140.0,0.99
206,14.0,1400.0,0.0,1400.0,810.0,0.99,138600.0,140000.0,4289.0,214450.0,140.0,0.99
207,14.0,1400.0,0.0,1400.0,810.0,0.99,138600.0,140000.0,4303.0,215150.0,140.0,0.99
208,14.0,1400.0,0.0,1400.0,810.0,0.99,138600.0,140000.0,4317.0,215850.0,140.0,0.99
209,14.0,1400.0,0.0,1400.0,810.0,0.99,138600.0,140000.0,4331.0,216550.0,140.0,0.99
210,14.0,1400.0,0.0,1400.0,810.0,0.99,138600.0,140000.0,4345.0,217250.0,140.0,0.99
211,14.0,1400.0,0.0,1400.0,810.0,0.99,138600.0,140000.0,4359.0,217950.0,140.0,0.99
212,14.0,1400.0,0.0,1400.0,810.0,0.99,138600.0,140000.0,4373.0,218650.0,140.0,0.99
213,14.0,1400.0,0.0,1400.0,810.0,0.99,138600.0,140000.0,4387.0,219350.0,140.0,0.99
214,14.0,1400.0,0.0,1400.0,810.0,0.99,138600.0,140000.0,4401.0,220050.0,140.0,0.99
215,14.0,1400.0,0.0,1400.0,810.0,0.99,138600.0,140000.0,4415.0,220750.0,140.0,0.99
216,14.0,1400.0,0.0,1400.0,810.0,0.99,138600.0,140000.0,4429.0,221450.0,140.0,0.99
217,14.0,1400.0,0.0,1400.0,810.0,0.99,138600.0,140000.0,4443.0,222150.0,140.0,0.99
218,14.0,1400.0,0.0,1400.0,810.0,0.99,138600.0,140000.0,4457.0,222850.0,140.0,0.99
219,14.0,1400.0,0.0,1400.0,810.0,0.99,138600.0,140000.0,4471.0,223550.0,140.0,0.99
220,14.0,1400.0,0.0,1400.0,810.0,0.99,138600.0,140000.0,4485.0,224250.0,140.0,0.99
221,14.0,1400.0,0.0,1400.0,810.0,0.99,138600.0,140000.0,4499.0,224950.0,140.0,0.99
222,14.0,1400.0,0.0,1400.0,810.0,0.99,138600.0,140000.0,4513.0,225650.0,140.0,0.99
223,14.0,1400.0,0.0,1400.0,810.0,0.99,138600.0,140000.0,4527.0,226350.0,140.0,0.99
224,14.0,1400.0,0.0,1400.0,810.0,0.99,138600.0,140000.0,4541.0,227050.0,140.0,0.99
225,14.0,1400.0,0.0,1400.0,810.0,0.99,138600.0,140000.0,4555.0,227750.0,140.0,0.99
226,14.0,1400.0,0.0,1400.0,810.0,0.99,138600.0,140000.0,4569.0,228450.0,140.0,0.99
227,14.0,1400.0,0.0,1400.0,810.0,0.99,138600.0,140000.0,4583.0,229150.0,140.0,0.99
228,14.0,1400.0,0.0,1400.0,810.0,0.99,138600.0,140000.0,4597.0,229850.0,140.0,0.99
229,14.0,1400.0,0.0,1400.0,810.0,0.99,138600.0,140000.0,4611.0,230550.0,140.0,0.99
230,14.0,1400.0,0.0,1400.0,810.0,0.99,138600.0,140000.0,4625.0,231250.0,140.0,0.99
231,14.0,1400.0,0.0,1400.0,810.0,0.99,138600.0,140000.0,4639.0,231950.0,140.0,0.99
232,14.0,1400.0,0.0,1400.0,810.0,0.99,138600.0,140000.0,4653.0,232650.0,140.0,0.99
233,14.0,1400.0,0.0,1400.0,810.0,0.99,138600.0,140000.0,4667.0,233350.0,140.0,0.99
234,14.0,1400.0,0.0,1400.0,810.0,0.99,138600.0,140000.0,4681.0,234050.0,140.0,0.99
235,14.0,1400.0,0.0,1400.0,810.0,0.99,138600.0,140000.0,4695.0,234750.0,140.0,0.99
236,14.0,1400.0,0.0,1400.0,810.0,0.99,138600.0,140000.0,4709.0,235450.0,140.0,0.99
237,14.0,1400.0,0.0,1400.0,810.0,0.99,138600.0,140000.0,4723.0,236150.0,140.0,0.99
238,14.0,1400.0,0.0,1400.0,810.0,0.99,138600.0,140000.0,4737.0,236850.0,140.0,0.99
239,14.0,1400.0,0.0,1400.0,810.0,0.99,138600.0,140000.0,4751.0,237550.0,140.0,0.99
240,14.0,1400.0,0.0,1400.0,810.0,0.99,138600.0,140000.0,4765.0,238250.0,140.0,0.99
241,14.0,1400.0,0.0,1400.0,810.0,0.99,138600.0,140000.0,4779.0,238950.0,140.0,0.99
242,14.0,1400.0,0.0,1400.0,810.0,0.99,138600.0,140000.0,4793.0,239650.0,140.0,0.99
243,14.0,1400.0,0.0,1400.0,810.0,0.99,138600.0,140000.0,4807.0,240350.0,140.0,0.99
244,14.0,1400.0,0.0,1400.0,810.0,0.99,138600.0,140000.0,4821.0,241050.0,140.0,0.99
245,14.0,1400.0,0.0,1400.0,810.0,0.99,138600.0,140000.0,4835.0,241750.0,140.0,0.99
246,14.0,1400.0,0.0,1400.0,810.0,0.99,138600.0,140000.0,4849.0,242450.0,140.0,0.99
247,14.0,1400.0,0.0,1400.0,810.0,0.99,138600.0,140000.0,4863.0,243150.0,140.0,0.99
248,14.0,1400.0,0.0,1400.0,810.0,0.99,138600.0,140000.0,4877.0,243850.0,140.0,0.99
249,14.0,1400.0,0.0,1400.0,810.0,0.99,138600.0,140000.0,4891.0,244550.0,140.0,0.99
250,14.0,1400.0,0.0,1400.0,810.0,0.99,138600.0,140000.0,4905.0,245250.0,140.0,0.99
251,14.0,1400.0,0.0,1400.0,810.0,0.99,138600.0,140000.0,4919.0,245950.0,140.0,0.99
252,14.0,1400.0,0.0,1400.0,810.0,0.99,138600.0,140000.0,4933.0,246650.0,140.0,0.99
253,14.0,1400.0,0.0,1400.0,810.0,0.99,138600.0,140000.0,4947.0,247350.0,140.0,0.99
254,14.0,1400.0,0.0,1400.0,810.0,0.99,138600.0,140000.0,4961.0,248050.0,140.0,0.99
255,14.0,1400.0,0.0,1400.0,810.0,0.99,138600.0,140000.0,4975.0,248750.0,140.0,0.99
256,14.0,1400.0,0.0,1400.0,810.0,0.99,138600.0,140000.0,4989.0,249450.0,140.0,0.99
257,14.0,1400.0,0.0,1400.0,810.0,0.99,138600.0,140000.0,5003.0,250150.0,140.0,0.99
258,14.0,1400.0,0.0,1400.0,810.0,0.99,138600.0,140000.0,5017.0,250850.0,140.0,0.99
259,14.0,1400.0,0.0,1400.0,810.0,0.99,138600.0,140000.0,5031.0,251550.0,140.0,0.99
260,14.0,1400.0,0.0,1400.0,810.0,0.99,138600.0,140000.0,5045.0,252250.0,140.0,0.99
261,14.0,1400.0,0.0,1400.0,810.0,0.99,138600.0,140000.0,5059.0,252950.0,140.0,0.99
262,14.0,1400.0,0.0,1400.0,810.0,0.99,138600.0,140000.0,5073.0,253650.0,140.0,0.99
263,14.0,1400.0,0.0,1400.0,810.0,0.99,138600.0,140000.0,5087.0,254350.0,140.0,0.99
264,14.0,1400.0,0.0,1400.0,810.0,0.99,138600.0,140000.0,5101.0,255050.0,140.0,0.99
265,14.0,1400.0,0.0,1400.0,810.0,0.99,138600.0,140000.0,5115.0,255750.0,140.0,0.99
266,14.0,1400.0,0.0,1400.0,810.0,0.99,138600.0,140000.0,5129.0,256450.0,140.0,0.99
267,14.0,1400.0,0.0,1400.0,810.0,0.99,138600.0,140000.0,5143.0,257150.0,140.0,0.99
268,14.0,1400.0,0.0,1400.0,810.0,0.99,138600.0,140000.0,5157.0,257850.0,140.0,0.99
269,14.0,1400.0,0.0,1400.0,810.0,0.99,138600.0,140000.0,5171.0,258550.0,140.0,0.99
270,14.0,1400.0,0.0,1400.0,810.0,0.99,138600.0,140000.0,5185.0,259250.0,140.0,0.99
271,14.0,1400.0,0.0,1400.0,810.0,0.99,138600.0,140000.0,5199.0,259950.0,140.0,0.99
272,14.0,1400.0,0.0,1400.0,810.0,0.99,138600.0,140000.0,5213.0,260650.0,140.0,0.99
273,14.0,1400.0,0.0,1400.0,810.0,0.99,138600.0,140000.0,5227.0,261350.0,140.0,0.99
274,14.0,1400.0,0.0,1400.0,810.0,0.99,138600.0,140000.0,5241.0,262050.0,140.0,0.99
275,14.0,1400.0,0.0,1400.0,810.0,0.99,138600.0,140000.0,5255.0,262750.0,140.0,0.99
276,14.0,1400.0,0.0,1400.0,810.0,0.99,138600.0,140000.0,5269.0,263450.0,140.0,0.99
277,14.0,1400.0,0.0,1400.0,810.0,0.99,138600.0,140000.0,5283.0,264150.0,140.0,0.99
278,14.0,1400.0,0.0,1400.0,810.0,0.99,138600.0,140000.0,5297.0,264850.0,140.0,0.99
279,14.0,1400.0,0.0,1400.0,810.0,0.99,138600.0,140000.0,5311.0,265550.0,140.0,0.99
280,14.0,1400.0,0.0,1400.0,810.0,0.99,138600.0,140000.0,5325.0,266250.0,140.0,0.99
281,14.0,1400.0,0.0,1400.0,810.0,0.99,138600.0,140000.0,5339.0,266950.0,140.0,0.99
282,14.0,1400.0,0.0,1400.0,810.0,0.99,138600.0,140000.0,5353.0,267650.0,140.0,0.99
283,14.0,1400.0,0.0,1400.0,810.0,0.99,138600.0,140000.0,5367.0,268350.0,140.0,0.99
284,14.0,1400.0,0.0,1400.0,810.0,0.99,138600.0,140000.0,5381.0,269050.0,140.0,0.99
285,14.0,1400.0,0.0,1400.0,810.0,0.99,138600.0,140000.0,5395.0,269750.0,140.0,0.99
286,14.0,1400.0,0.0,1400.0,810.0,0.99,138600.0,140000.0,5409.0,270450.0,140.0,0.99
287,14.0,1400.0,0.0,1400.0,810.0,0.99,138600.0,140000.0,5423.0,271150.0,140.0,0.99
288,14.0,1400.0,0.0,1400.0,810.0,0.99,138600.0,140000.0,5437.0,271850.0,140.0,0.99
289,14.0,1400.0,0.0,1400.0,810.0,0.99,138600.0,140000.0,5451.0,272550.0,140.0,0.99
290,14.0,1400.0,0.0,1400.0,810.0,0.99,138600.0,140000.0,5465.0,273250.0,140.0,0.99
291,14.0,1400.0,0.0,1400.0,810.0,0.99,138600.0,140000.0,5479.0,273950.0,140.0,0.99
292,14.0,1400.0,0.0,1400.0,810.0,0.99,138600.0,140000.0,5493.0,274650.0,140.0,0.99
293,14.0,1400.0,0.0,1400.0,810.0,0.99,138600.0,140000.0,5507.0,275350.0,140.0,0.99
294,14.0,1400.0,0.0,1400.0,810.0,0.99,138600.0,140000.0,5521.0,276050.0,140.0,0.99
295,14.0,1400.0,0.0,1400.0,810.0,0.99,138600.0,140000.0,5535.0,276750.0,140.0,0.99
296,14.0,1400.0,0.0,1400.0,810.0,0.99,138600.0,140000.0,5549.0,277450.0,140.0,0.99
297,14.0,1400.0,0.0,1400.0,810.0,0.99,138600.0,140000.0,5563.0,278150.0,140.0,0.99
298,14.0,1400.0,0.0,1400.0,810.0,0.99,138600.0,140000.0,5577.0,278850.0,140.0,0.99
299,14.0,1400.0,0.0,1400.0,810.0,0.99,138600.0,140000.0,5591.0,279550.0,140.0,0.99
300,14.0,1400.0,0.0,1400.0,810.0,0.99,138600.0,140000.0,5605.0,280250.0,140.0,0.99
301,14.0,1400.0,0.0,1400.0,810.0,0.99,138600.0,140000.0,5619.0,280950.0,140.0,0.99
302,14.0,1400.0,0.0,1400.0,810.0,0.99,138600.0,140000.0,5633.0,281650.0,140.0,0.99
303,14.0,1400.0,0.0,1400.0,810.0,0.99,138600.0,140000.0,5647.0,282350.0,140.0,0.99
304,14.0,1400.0,0.0,1400.0,810.0,0.99,138600.0,140000.0,5661.0,283050.0,140.0,0.99
305,14.0,1400.0,0.0,1400.0,810.0,0.99,138600.0,140000.0,5675.0,283750.0,140.0,0.99
306,14.0,1400.0,0.0,1400.0,810.0,0.99,138600.0,140000.0,5689.0,284450.0,140.0,0.99
307,14.0,1400.0,0.0,1400.0,810.0,0.99,138600.0,140000.0,5703.0,285150.0,140.0,0.99
308,14.0,1400.0,0.0,1400.0,810.0,0.99,138600.0,140000.0,5717.0,285850.0,140.0,0.99
309,14.0,1400.0,0.0,1400.0,810.0,0.99,138600.0,140000.0,5731.0,286550.0,140.0,0.99
310,14.0,1400.0,0.0,1400.0,810.0,0.99,138600.0,140000.0,5745.0,287250.0,140.0,0.99
311,14.0,1400.0,0.0,1400.0,810.0,0.99,138600.0,140000.0,5759.0,287950.0,140.0,0.99
312,14.0,1400.0,0.0,1400.0,810.0,0.99,138600.0,140000.0,5773.0,288650.0,140.0,0.99
313,14.0,1400.0,0.0,1400.0,810.0,0.99,138600.0,140000.0,5787.0,289350.0,140.0,0.99
314,14.0,1400.0,0.0,1400.0,810.0,0.99,138600.0,140000.0,5801.0,290050.0,140.0,0.99
315,14.0,1400.0,0.0,1400.0,810.0,0.99,138600.0,140000.0,5815.0,290750.0,140.0,0.99
316,14.0,1400.0,0.0,1400.0,810.0,0.99,138600.0,140000.0,5829.0,291450.0,140.0,0.99
317,14.0,1400.0,0.0,1400.0,810.0,0.99,138600.0,140000.0,5843.0,292150.0,140.0,0.99
318,14.0,1400.0,0.0,1400.0,810.0,0.99,138600.0,140000.0,5857.0,292850.0,140.0,0.99
319,14.0,1400.0,0.0,1400.0,810.0,0.99,138600.0,140000.0,5871.0,293550.0,140.0,0.99
320,14.0,1400.0,0.0,1400.0,810.0,0.99,138600.0,140000.0,5885.0,294250.0,140.0,0.99
321,14.0,1400.0,0.0,1400.0,810.0,0.99,138600.0,140000.0,5899.0,294950.0,140.0,0.99
322,14.0,1400.0,0.0,1400.0,810.0,0.99,138600.0,140000.0,5913.0,295650.0,140.0,0.99
323,14.0,1400.0,0.0,1400.0,810.0,0.99,138600.0,140000.0,5927.0,296350.0,140.0,0.99
324,14.0,1400.0,0.0,1400.0,810.0,0.99,138600.0,140000.0,5941.0,297050.0,140.0,0.99
325,14.0,1400.0,0.0,1400.0,810.0,0.99,138600.0,140000.0,5955.0,297750.0,140.0,0.99
326,14.0,1400.0,0.0,1400.0,810.0,0.99,138600.0,140000.0,5969.0,298450.0,140.0,0.99
327,14.0,1400.0,0.0,1400.0,810.0,0.99,138600.0,140000.0,5983.0,299150.0,140.0,0.99
328,14.0,1400.0,0.0,1400.0,810.0,0.99,138600.0,140000.0,5997.0,299850.0,140.0,0.99
329,14.0,1400.0,0.0,1400.0,810.0,0.99,138600.0,140000.0,6011.0,300550.0,140.0,0.99
330,14.0,1400.0,0.0,1400.0,810.0,0.99,138600.0,140000.0,6025.0,301250.0,140.0,0.99
331,14.0,1400.0,0.0,1400.0,810.0,0.99,138600.0,140000.0,6039.0,301950.0,140.0,0.99
332,14.0,1400.0,0.0,1400.0,810.0,0.99,138600.0,140000.0,6053.0,302650.0,140.0,0.99
333,14.0,1400.0,0.0,1400.0,810.0,0.99,138600.0,140000.0,6067.0,303350.0,140.0,0.99
334,14.0,1400.0,0.0,1400.0,810.0,0.99,138600.0,140000.0,6081.0,304050.0,140.0,0.99
335,14.0,1400.0,0.0,1400.0,810.0,0.99,138600.0,140000.0,6095.0,304750.0,140.0,0.99
336,14.0,1400.0,0.0,1400.0,810.0,0.99,138600.0,140000.0,6109.0,305450.0,140.0,0.99
337,14.0,1400.0,0.0,1400.0,810.0,0.99,138600.0,140000.0,6123.0,306150.0,140.0,0.99
338,14.0,1400.0,0.0,1400.0,810.0,0.99,138600.0,140000.0,6137.0,306850.0,140.0,0.99
339,14.0,1400.0,0.0,1400.0,810.0,0.99,138600.0,140000.0,6151.0,307550.0,140.0,0.99
340,14.0,1400.0,0.0,1400.0,810.0,0.99,138600.0,140000.0,6165.0,308250.0,140.0,0.99
341,14.0,1400.0,0.0,1400.0,810.0,0.99,138600.0,140000.0,6179.0,308950.0,140.0,0.99
342,14.0,1400.0,0.0,1400.0,810.0,0.99,138600.0,140000.0,6193.0,309650.0,140.0,0.99
343,14.0,1400.0,0.0,1400.0,810.0,0.99,138600.0,140000.0,6207.0,310350.0,140.0,0.99
344,14.0,1400.0,0.0,1400.0,810.0,0.99,138600.0,140000.0,6221.0,311050.0,140.0,0.99
345,14.0,1400.0,0.0,1400.0,810.0,0.99,138600.0,140000.0,6235.0,311750.0,140.0,0.99
346,14.0,1400.0,0.0,1400.0,810.0,0.99,138600.0,140000.0,6249.0,312450.0,140.0,0.99
347,14.0,1400.0,0.0,1400.0,810.0,0.99,138600.0,140000.0,6263.0,313150.0,140.0,0.99
348,14.0,1400.0,0.0,1400.0,810.0,0.99,138600.0,140000.0,6277.0,313850.0,140.0,0.99
349,14.0,1400.0,0.0,1400.0,810.0,0.99,138600.0,140000.0,6291.0,314550.0,140.0,0.99
350,14.0,1400.0,0.0,1400.0,810.0,0.99,138600.0,140000.0,6305.0,315250.0,140.0,0.99
351,14.0,1400.0,0.0,1400.0,810.0,0.99,138600.0,140000.0,6319.0,315950.0,140.0,0.99
352,14.0,1400.0,0.0,1400.0,810.0,0.99,138600.0,140000.0,6333.0,316650.0,140.0,0.99
353,14.0,1400.0,0.0,1400.0,810.0,0.99,138600.0,140000.0,6347.0,317350.0,140.0,0.99
354,14.0,1400.0,0.0,1400.0,810.0,0.99,138600.0,140000.0,6361.0,318050.0,140.0,0.99
355,14.0,1400.0,0.0,1400.0,810.0,0.99,138600.0,140000.0,6375.0,318750.0,140.0,0.99
356,14.0,1400.0,0.0,1400.0,810.0,0.99,138600.0,140000.0,6389.0,319450.0,140.0,0.99
357,14.0,1400.0,0.0,1400.0,810.0,0.99,138600.0,140000.0,6403.0,320150.0,140.0,0.99
358,14.0,1400.0,0.0,1400.0,810.0,0.99,138600.0,140000.0,6417.0,320850.0,140.0,0.99
359,14.0,1400.0,0.0,1400.0,810.0,0.99,138600.0,140000.0,6431.0,321550.0,140.0,0.99
360,14.0,1400.0,0.0,1400.0,810.0,0.99,138600.0,140000.0,6445.0,322250.0,140.0,0.99
361,14.0,1400.0,0.0,1400.0,810.0,0.99,138600.0,140000.0,6459.0,322950.0,140.0,0.99
362,14.0,1400.0,0.0,1400.0,810.0,0.99,138600.0,140000.0,6473.0,323650.0,140.0,0.99
363,14.0,1400.0,0.0,1400.0,810.0,0.99,138600.0,140000.0,6487.0,324350.0,140.0,0.99
364,14.0,1400.0,0.0,1400.0,810.0,0.99,138600.0,140000.0,6501.0,325050.0,140.0,0.99
365,14.0,1400.0,0.0,1400.0,810.0,0.99,138600.0,140000.0,6515.0,325750.0,140.0,0.99
366,14.0,1400.0,0.0,1400.0,810.0,0.99,138600.0,140000.0,6529.0,326450.0,140.0,0.99
367,14.0,1400.0,0.0,1400.0,810.0,0.99,138600.0,140000.0,6543.0,327150.0,140.0,0.99
368,14.0,1400.0,0.0,1400.0,810.0,0.99,138600.0,140000.0,6557.0,327850.0,140.0,0.99
369,14.0,1400.0,0.0,1400.0,810.0,0.99,138600.0,140000.0,6571.0,328550.0,140.0,0.99
370,14.0,1400.0,0.0,1400.0,810.0,0.99,138600.0,140000.0,6585.0,329250.0,140.0,0.99
371,14.0,1400.0,0.0,1400.0,810.0,0.99,138600.0,140000.0,6599.0,329950.0,140.0,0.99
372,14.0,1400.0,0.0,1400.0,810.0,0.99,138600.0,140000.0,6613.0,330650.0,140.0,0.99
373,14.0,1400.0,0.0,1400.0,810.0,0.99,138600.0,140000.0,6627.0,331350.0,140.0,0.99
374,14.0,1400.0,0.0,1400.0,810.0,0.99,138600.0,140000.0,6641.0,332050.0,140.0,0.99
375,14.0,1400.0,0.0,1400.0,810.0,0.99,138600.0,140000.0,6655.0,332750.0,140.0,0.99
376,14.0,1400.0,0.0,1400.0,810.0,0.99,138600.0,140000.0,6669.0,333450.0,140.0,0.99
377,14.0,1400.0,0.0,1400.0,810.0,0.99,138600.0,140000.0,6683.0,334150.0,140.0,0.99
378,14.0,1400.0,0.0,1400.0,810.0,0.99,138600.0,140000.0,6697.0,334850.0,140.0,0.99
379,14.0,1400.0,0.0,1400.0,810.0,0.99,138600.0,140000.0,6711.0,335550.0,140.0,0.99
380,14.0,1400.0,0.0,1400.0,810.0,0.99,138600.0,140000.0,6725.0,336250.0,140.0,0.99
381,14.0,1400.0,0.0,1400.0,810.0,0.99,138600.0,140000.0,6739.0,336950.0,140.0,0.99
382,14.0,1400.0,0.0,1400.0,810.0,0.99,138600.0,140000.0,6753.0,337650.0,140.0,0.99
383,14.0,1400.0,0.0,1400.0,810.0,0.99,138600.0,140000.0,6767.0,338350.0,140.0,0.99
384,14.0,1400.0,0.0,1400.0,810.0,0.99,138600.0,140000.0,6781.0,339050.0,140.0,0.99
385,14.0,1400.0,0.0,1400.0,810.0,0.99,138600.0,140000.0,6795.0,339750.0,140.0,0.99
386,14.0,1400.0,0.0,1400.0,810.0,0.99,138600.0,140000.0,6809.0,340450.0,140.0,0.99
387,14.0,1400.0,0.0,1400.0,810.0,0.99,138600.0,140000.0,6823.0,341150.0,140.0,0.99
388,14.0,1400.0,0.0,1400.0,810.0,0.99,138600.0,140000.0,6837.0,341850.0,140.0,0.99
389,14.0,1400.0,0.0,1400.0,810.0,0.99,138600.0,140000.0,6851.0,342550.0,140.0,0.99
390,14.0,1400.0,0.0,1400.0,810.0,0.99,138600.0,140000.0,6865.0,343250.0,140.0,0.99
391,14.0,1400.0,0.0,1400.0,810.0,0.99,138600.0,140000.0,6879.0,343950.0,140.0,0.99
392,14.0,1400.0,0.0,1400.0,810.0,0.99,138600.0,140000.0,6893.0,344650.0,140.0,0.99
393,14.0,1400.0,0.0,1400.0,810.0,0.99,138600.0,140000.0,6907.0,345350.0,140.0,0.99
394,14.0,1400.0,0.0,1400.0,810.0,0.99,138600.0,140000.0,6921.0,346050.0,140.0,0.99
395,14.0,1400.0,0.0,1400.0,810.0,0.99,138600.0,140000.0,6935.0,346750.0,140.0,0.99
396,14.0,1400.0,0.0,1400.0,810.0,0.99,138600.0,140000.0,6949.0,347450.0,140.0,0.99
397,14.0,1400.0,0.0,1400.0,810.0,0.99,138600.0,140000.0,6963.0,348150.0,140.0,0.99
398,14.0,1400.0,0.0,1400.0,810.0,0.99,138600.0,140000.0,6977.0,348850.0,140.0,0.99
399,14.0,1400.0,0.0,1400.0,810.0,0.99,138600.0,140000.0,6991.0,349550.0,140.0,0.99
400,14.0,1400.0,0.0,1400.0,810.0,0.99,138600.0,140000.0,7005.0,350250.0,140.0,0.99
401,14.0,1400.0,0.0,1400.0,810.0,0.99,138600.0,140000.0,7019.0,350950.0,140.0,0.99
402,14.0,1400.0,0.0,1400.0,810.0,0.99,138600.0,140000.0,7033.0,351650.0,140.0,0.99
403,14.0,1400.0,0.0,1400.0,810.0,0.99,138600.0,140000.0,7047.0,352350.0,140.0,0.99
404,14.0,1400.0,0.0,1400.0,810.0,0.99,138600.0,140000.0,7061.0,353050.0,140.0,0.99
405,14.0,1400.0,0.0,1400.0,810.0,0.99,138600.0,140000.0,7075.0,353750.0,140.0,0.99
406,14.0,1400.0,0.0,1400.0,810.0,0.99,138600.0,140000.0,7089.0,354450.0,140.0,0.99
407,14.0,1400.0,0.0,1400.0,810.0,0.99,138600.0,140000.0,7103.0,355150.0,140.0,0.99
408,14.0,1400.0,0.0,1400.0,810.0,0.99,138600.0,140000.0,7117.0,355850.0,140.0,0.99
409,14.0,1400.0,0.0,1400.0,810.0,0.99,138600.0,140000.0,7131.0,356550.0,140.0,0.99
410,14.0,1400.0,0.0,1400.0,810.0,0.99,138600.0,140000.0,7145.0,357250.0,140.0,0.99
411,14.0,1400.0,0.0,1400.0,810.0,0.99,138600.0,140000.0,7159.0,357950.0,140.0,0.99
412,14.0,1400.0,0.0,1400.0,810.0,0.99,138600.0,140000.0,7173.0,358650.0,140.0,0.99
413,14.0,1400.0,0.0,1400.0,810.0,0.99,138600.0,140000.0,7187.0,359350.0,140.0,0.99
414,14.0,1400.0,0.0,1400.0,810.0,0.99,138600.0,140000.0,7201.0,360050.0,140.0,0.99
415,14.0,1400.0,0.0,1400.0,810.0,0.99,138600.0,140000.0,7215.0,360750.0,140.0,0.99
416,14.0,1400.0,0.0,1400.0,810.0,0.99,138600.0,140000.0,7229.0,361450.0,140.0,0.99
417,14.0,1400.0,0.0,1400.0,810.0,0.99,138600.0,140000.0,7243.0,362150.0,140.0,0.99
418,14.0,1400.0,0.0,1400.0,810.0,0.99,138600.0,140000.0,7257.0,362850.0,140.0,0.99
419,14.0,1400.0,0.0,1400.0,810.0,0.99,138600.0,140000.0,7271.0,363550.0,140.0,0.99
420,14.0,1400.0,0.0,1400.0,810.0,0.99,138600.0,140000.0,7285.0,364250.0,140.0,0.99
421,14.0,1400.0,0.0,1400.0,810.0,0.99,138600.0,140000.0,7299.0,364950.0,140.0,0.99
422,14.0,1400.0,0.0,1400.0,810.0,0.99,138600.0,140000.0,7313.0,365650.0,140.0,0.99
423,14.0,1400.0,0.0,1400.0,810.0,0.99,138600.0,140000.0,7327.0,366350.0,140.0,0.99
424,14.0,1400.0,0.0,1400.0,810.0,0.99,138600.0,140000.0,7341.0,367050.0,140.0,0.99
425,14.0,1400.0,0.0,1400.0,810.0,0.99,138600.0,140000.0,7355.0,367750.0,140.0,0.99
426,14.0,1400.0,0.0,1400.0,810.0,0.99,138600.0,140000.0,7369.0,368450.0,140.0,0.99
427,14.0,1400.0,0.0,1400.0,810.0,0.99,138600.0,140000.0,7383.0,369150.0,140.0,0.99
428,14.0,1400.0,0.0,1400.0,810.0,0.99,138600.0,140000.0,7397.0,369850.0,140.0,0.99
429,14.0,1400.0,0.0,1400.0,810.0,0.99,138600.0,140000.0,7411.0,370550.0,140.0,0.99
430,14.0,1400.0,0.0,1400.0,810.0,0.99,138600.0,140000.0,7425.0,371250.0,140.0,0.99
431,14.0,1400.0,0.0,1400.0,810.0,0.99,138600.0,140000.0,7439.0,371950.0,140.0,0.99
432,14.0,1400.0,0.0,1400.0,810.0,0.99,138600.0,140000.0,7453.0,372650.0,140.0,0.99
433,14.0,1400.0,0.0,1400.0,810.0,0.99,138600.0,140000.0,7467.0,373350.0,140.0,0.99
434,14.0,1400.0,0.0,1400.0,810.0,0.99,138600.0,140000.0,7481.0,374050.0,140.0,0.99
435,14.0,1400.0,0.0,1400.0,810.0,0.99,138600.0,140000.0,7495.0,374750.0,140.0,0.99
436,14.0,1400.0,0.0,1400.0,810.0,0.99,138600.0,140000.0,7509.0,375450.0,140.0,0.99
437,14.0,1400.0,0.0,1400.0,810.0,0.99,138600.0,140000.0,7523.0,376150.0,140.0,0.99
438,14.0,1400.0,0.0,1400.0,810.0,0.99,138600.0,140000.0,7537.0,376850.0,140.0,0.99
439,14.0,1400.0,0.0,1400.0,810.0,0.99,138600.0,140000.0,7551.0,377550.0,140.0,0.99
440,14.0,1400.0,0.0,1400.0,810.0,0.99,138600.0,140000.0,7565.0,378250.0,140.0,0.99
441,14.0,1400.0,0.0,1400.0,810.0,0.99,138600.0,140000.0,7579.0,378950.0,140.0,0.99
442,14.0,1400.0,0.0,1400.0,810.0,0.99,138600.0,140000.0,7593.0,379650.0,140.0,0.99
443,14.0,1400.0,0.0,1400.0,810.0,0.99,138600.0,140000.0,7607.0,380350.0,140.0,0.99
444,14.0,1400.0,0.0,1400.0,810.0,0.99,138600.0,140000.0,7621.0,381050.0,140.0,0.99
445,14.0,1400.0,0.0,1400.0,810.0,0.99,138600.0,140000.0,7635.0,381750.0,140.0,0.99
446,14.0,1400.0,0.0,1400.0,810.0,0.99,138600.0,140000.0,7649.0,382450.0,140.0,0.99
447,14.0,1400.0,0.0,1400.0,810.0,0.99,138600.0,140000.0,7663.0,383150.0,140.0,0.99
448,14.0,1400.0,0.0,1400.0,810.0,0.99,138600.0,140000.0,7677.0,383850.0,140.0,0.99
449,14.0,1400.0,0.0,1400.0,810.0,0.99,138600.0,140000.0,7691.0,384550.0,140.0,0.99
450,14.0,1400.0,0.0,1400.0,810.0,0.99,138600.0,140000.0,7705.0,385250.0,140.0,0.99
451,14.0,1400.0,0.0,1400.0,810.0,0.99,138600.0,140000.0,7719.0,385950.0,140.0,0.99
452,14.0,1400.0,0.0,1400.0,810.0,0.99,138600.0,140000.0,7733.0,386650.0,140.0,0.99
453,14.0,1400.0,0.0,1400.0,810.0,0.99,138600.0,140000.0,7747.0,387350.0,140.0,0.99
454,14.0,1400.0,0.0,1400.0,810.0,0.99,138600.0,140000.0,7761.0,388050.0,140.0,0.99
455,14.0,1400.0,0.0,1400.0,810.0,0.99,138600.0,140000.0,7775.0,388750.0,140.0,0.99
456,14.0,1400.0,0.0,1400.0,810.0,0.99,138600.0,140000.0,7789.0,389450.0,140.0,0.99
457,14.0,1400.0,0.0,1400.0,810.0,0.99,138600.0,140000.0,7803.0,390150.0,140.0,0.99
458,14.0,1400.0,0.0,1400.0,810.0,0.99,138600.0,140000.0,7817.0,390850.0,140.0,0.99
459,14.0,1400.0,0.0,1400.0,810.0,0.99,138600.0,140000.0,7831.0,391550.0,140.0,0.99
460,14.0,1400.0,0.0,1400.0,810.0,0.99,138600.0,140000.0,7845.0,392250.0,140.0,0.99
461,14.0,1400.0,0.0,1400.0,810.0,0.99,138600.0,140000.0,7859.0,392950.0,140.0,0.99
462,14.0,1400.0,0.0,1400.0,810.0,0.99,138600.0,140000.0,7873.0,393650.0,140.0,0.99
463,14.0,1400.0,0.0,1400.0,810.0,0.99,138600.0,140000.0,7887.0,394350.0,140.0,0.99
464,14.0,1400.0,0.0,1400.0,810.0,0.99,138600.0,140000.0,7901.0,395050.0,140.0,0.99
465,14.0,1400.0,0.0,1400.0,810.0,0.99,138600.0,140000.0,7915.0,395750.0,140.0,0.99
466,14.0,1400.0,0.0,1400.0,810.0,0.99,138600.0,140000.0,7929.0,396450.0,140.0,0.99
467,14.0,1400.0,0.0,1400.0,810.0,0.99,138600.0,140000.0,7943.0,397150.0,140.0,0.99
468,14.0,1400.0,0.0,1400.0,810.0,0.99,138600.0,140000.0,7957.0,397850.0,140.0,0.99
469,14.0,1400.0,0.0,1400.0,810.0,0.99,138600.0,140000.0,7971.0,398550.0,140.0,0.99
470,14.0,1400.0,0.0,1400.0,810.0,0.99,138600.0,140000.0,7985.0,399250.0,140.0,0.99
471,14.0,1400.0,0.0,1400.0,810.0,0.99,138600.0,140000.0,7999.0,399950.0,140.0,0.99
472,14.0,1400.0,0.0,1400.0,810.0,0.99,138600.0,140000.0,8013.0,400650.0,140.0,0.99
473,14.0,1400.0,0.0,1400.0,810.0,0.99,138600.0,140000.0,8027.0,401350.0,140.0,0.99
474,14.0,1400.0,0.0,1400.0,810.0,0.99,138600.0,140000.0,8041.0,402050.0,140.0,0.99
475,14.0,1400.0,0.0,1400.0,810.0,0.99,138600.0,140000.0,8055.0,402750.0,140.0,0.99
476,14.0,1400.0,0.0,1400.0,810.0,0.99,138600.0,140000.0,8069.0,403450.0,140.0,0.99
477,14.0,1400.0,0.0,1400.0,810.0,0.99,138600.0,140000.0,8083.0,404150.0,140.0,0.99
478,14.0,1400.0,0.0,1400.0,810.0,0.99,138600.0,140000.0,8097.0,404850.0,140.0,0.99
479,14.0,1400.0,0.0,1400.0,810.0,0.99,138600.0,140000.0,8111.0,405550.0,140.0,0.99
480,14.0,1400.0,0.0,1400.0,810.0,0.99,138600.0,140000.0,8125.0,406250.0,140.0,0.99
481,14.0,1400.0,0.0,1400.0,810.0,0.99,138600.0,140000.0,8139.0,406950.0,140.0,0.99
482,14.0,1400.0,0.0,1400.0,810.0,0.99,138600.0,140000.0,8153.0,407650.0,140.0,0.99
483,14.0,1400.0,0.0,1400.0,810.0,0.99,138600.0,140000.0,8167.0,408350.0,140.0,0.99
484,14.0,1400.0,0.0,1400.0,810.0,0.99,138600.0,140000.0,8181.0,409050.0,140.0,0.99
485,14.0,1400.0,0.0,1400.0,810.0,0.99,138600.0,140000.0,8195.0,409750.0,140.0,0.99
486,14.0,1400.0,0.0,1400.0,810.0,0.99,138600.0,140000.0,8209.0,410450.0,140.0,0.99
487,14.0,1400.0,0.0,1400.0,810.0,0.99,138600.0,140000.0,8223.0,411150.0,140.0,0.99
488,14.0,1400.0,0.0,1400.0,810.0,0.99,138600.0,140000.0,8237.0,411850.0,140.0,0.99
489,14.0,1400.0,0.0,1400.0,810.0,0.99,138600.0,140000.0,8251.0,412550.0,140.0,0.99
490,14.0,1400.0,0.0,1400.0,810.0,0.99,138600.0,140000.0,8265.0,413250.0,140.0,0.99
491,14.0,1400.0,0.0,1400.0,810.0,0.99,138600.0,140000.0,8279.0,413950.0,140.0,0.99
492,14.0,1400.0,0.0,1400.0,810.0,0.99,138600.0,140000.0,8293.0,414650.0,140.0,0.99
493,14.0,1400.0,0.0,1400.0,810.0,0.99,138600.0,140000.0,8307.0,415350.0,140.0,0.99
494,14.0,1400.0,0.0,1400.0,810.0,0.99,138600.0,140000.0,8321.0,416050.0,140.0,0.99
495,14.0,1400.0,0.0,1400.0,810.0,0.99,138600.0,140000.0,8335.0,416750.0,140.0,0.99
496,14.0,1400.0,0.0,1400.0,810.0,0.99,138600.0,140000.0,8349.0,417450.0,140.0,0.99
497,14.0,1400.0,0.0,1400.0,810.0,0.99,138600.0,140000.0,8363.0,418150.0,140.0,0.99
498,14.0,1400.0,0.0,1400.0,810.0,0.99,138600.0,140000.0,8377.0,418850.0,140.0,0.99
499,14.0,1400.0,0.0,1400.0,810.0,0.99,138600.0,140000.0,8391.0,419550.0,140.0,0.99
500,14.0,1400.0,0.0,1400.0,810.0,0.99,138600.0,140000.0,8405.0,420250.0,140.0,0.99
501,14.0,1400.0,0.0,1400.0,810.0,0.99,138600.0,140000.0,8419.0,420950.0,140.0,0.99
502,14.0,1400.0,0.0,1400.0,810.0,0.99,138600.0,140000.0,8433.0,421650.0,140.0,0.99
503,14.0,1400.0,0.0,1400.0,810.0,0.99,138600.0,140000.0,8447.0,422350.0,140.0,0.99
504,14.0,1400.0,0.0,1400.0,810.0,0.99,138600.0,140000.0,8461.0,423050.0,140.0,0.99
505,14.0,1400.0,0.0,1400.0,810.0,0.99,138600.0,140000.0,8475.0,423750.0,140.0,0.99
506,14.0,1400.0,0.0,1400.0,810.0,0.99,138600.0,140000.0,8489.0,424450.0,140.0,0.99
507,14.0,1400.0,0.0,1400.0,810.0,0.99,138600.0,140000.0,8503.0,425150.0,140.0,0.99
508,14.0,1400.0,0.0,1400.0,810.0,0.99,138600.0,140000.0,8517.0,425850.0,140.0,0.99
509,14.0,1400.0,0.0,1400.0,810.0,0.99,138600.0,140000.0,8531.0,426550.0,140.0,0.99
510,14.0,1400.0,0.0,1400.0,810.0,0.99,138600.0,140000.0,8545.0,427250.0,140.0,0.99
511,14.0,1400.0,0.0,1400.0,810.0,0.99,138600.0,140000.0,8559.0,427950.0,140.0,0.99
512,14.0,1400.0,0.0,1400.0,810.0,0.99,138600.0,140000.0,8573.0,428650.0,140.0,0.99
513,14.0,1400.0,0.0,1400.0,810.0,0.99,138600.0,140000.0,8587.0,429350.0,140.0,0.99
514,14.0,1400.0,0.0,1400.0,810.0,0.99,138600.0,140000.0,8601.0,430050.0,140.0,0.99
515,14.0,1400.0,0.0,1400.0,810.0,0.99,138600.0,140000.0,8615.0,430750.0,140.0,0.99
516,14.0,1400.0,0.0,1400.0,810.0,0.99,138600.0,140000.0,8629.0,431450.0,140.0,0.99
517,14.0,1400.0,0.0,1400.0,810.0,0.99,138600.0,140000.0,8643.0,432150.0,140.0,0.99
518,14.0,1400.0,0.0,1400.0,810.0,0.99,138600.0,140000.0,8657.0,432850.0,140.0,0.99
519,14.0,1400.0,0.0,1400.0,810.0,0.99,138600.0,140000.0,8671.0,433550.0,140.0,0.99
